<application>
  <component name="Trusted.Paths">
    <option name="TRUSTED_PROJECT_PATHS">
      <map>
        <entry key="$USER_HOME$/Documents/private/20241008-miy" value="true" />
        <entry key="$USER_HOME$/Documents/private/born-to-run-api" value="true" />
        <entry key="$USER_HOME$/Documents/private/runacer-api-v2" value="true" />
        <entry key="$USER_HOME$/Documents/rsupport/8.2.0/rview" value="true" />
        <entry key="$USER_HOME$/Documents/rsupport/rview" value="true" />
      </map>
    </option>
  </component>
  <component name="Trusted.Paths.Settings">
    <option name="TRUSTED_PATHS">
      <list>
        <option value="$USER_HOME$/Documents/rsupport" />
        <option value="$USER_HOME$/Documents/private" />
      </list>
    </option>
  </component>
</application>