<application>
  <component name="DimensionService">
    <location key="find.popup.-6720.0.6720.3780@192dpi" x="-2984" y="410" />
    <location key="find.popup.0.0.3600.2338@192dpi" x="1886" y="636" />
    <location key="find.popup.0.0.3024.1964@192dpi" x="1682" y="258" />
    <location key="find.popup.-6720.-2376.6720.3780@192dpi" x="-2984" y="-1966" />
    <location key="find.popup.0.0.3840.2160@192dpi" x="2134" y="254" />
    <size key="GridCell.Tab.0.left.-6720.0.6720.3780@192dpi" width="3278" height="748" />
    <size key="GridCell.Tab.0.center.-6720.0.6720.3780@192dpi" width="3278" height="748" />
    <size key="GridCell.Tab.0.right.-6720.0.6720.3780@192dpi" width="3278" height="748" />
    <size key="GridCell.Tab.0.bottom.-6720.0.6720.3780@192dpi" width="3278" height="748" />
    <size key="find.popup.-6720.0.6720.3780@192dpi" width="1336" height="2786" />
    <size key="GridCell.Tab.1.left.-6720.0.6720.3780@192dpi" width="3278" height="748" />
    <size key="GridCell.Tab.1.center.-6720.0.6720.3780@192dpi" width="3278" height="748" />
    <size key="GridCell.Tab.1.right.-6720.0.6720.3780@192dpi" width="3278" height="748" />
    <size key="GridCell.Tab.1.bottom.-6720.0.6720.3780@192dpi" width="3278" height="748" />
    <size key="find.popup.0.0.3600.2338@192dpi" width="1534" height="1172" />
    <size key="find.popup.0.0.3024.1964@192dpi" width="1336" height="1412" />
    <size key="GridCell.Tab.0.left.0.0.3024.1964@192dpi" width="1430" height="646" />
    <size key="GridCell.Tab.0.center.0.0.3024.1964@192dpi" width="1430" height="646" />
    <size key="GridCell.Tab.0.right.0.0.3024.1964@192dpi" width="1430" height="646" />
    <size key="GridCell.Tab.0.bottom.0.0.3024.1964@192dpi" width="1430" height="646" />
    <size key="GridCell.Tab.1.left.0.0.3024.1964@192dpi" width="1430" height="646" />
    <size key="GridCell.Tab.1.center.0.0.3024.1964@192dpi" width="1430" height="646" />
    <size key="GridCell.Tab.1.right.0.0.3024.1964@192dpi" width="1430" height="646" />
    <size key="GridCell.Tab.1.bottom.0.0.3024.1964@192dpi" width="1430" height="646" />
    <size key="GridCell.Tab.0.left.-6720.-2376.6720.3780@192dpi" width="3278" height="646" />
    <size key="GridCell.Tab.0.center.-6720.-2376.6720.3780@192dpi" width="3278" height="646" />
    <size key="GridCell.Tab.0.right.-6720.-2376.6720.3780@192dpi" width="3278" height="646" />
    <size key="GridCell.Tab.0.bottom.-6720.-2376.6720.3780@192dpi" width="3278" height="646" />
    <size key="find.popup.-6720.-2376.6720.3780@192dpi" width="1398" height="2786" />
    <size key="GridCell.Tab.1.left.-6720.-2376.6720.3780@192dpi" width="3280" height="646" />
    <size key="GridCell.Tab.1.center.-6720.-2376.6720.3780@192dpi" width="3280" height="646" />
    <size key="GridCell.Tab.1.right.-6720.-2376.6720.3780@192dpi" width="3280" height="646" />
    <size key="GridCell.Tab.1.bottom.-6720.-2376.6720.3780@192dpi" width="3280" height="646" />
    <size key="GridCell.Tab.0.left.0.0.3600.2338@192dpi" width="1718" height="552" />
    <size key="GridCell.Tab.0.center.0.0.3600.2338@192dpi" width="1718" height="552" />
    <size key="GridCell.Tab.0.right.0.0.3600.2338@192dpi" width="1718" height="552" />
    <size key="GridCell.Tab.0.bottom.0.0.3600.2338@192dpi" width="1718" height="552" />
    <size key="GridCell.Tab.2.left.-6720.-2376.6720.3780@192dpi" width="3278" height="646" />
    <size key="GridCell.Tab.2.center.-6720.-2376.6720.3780@192dpi" width="3278" height="646" />
    <size key="GridCell.Tab.2.right.-6720.-2376.6720.3780@192dpi" width="3278" height="646" />
    <size key="GridCell.Tab.2.bottom.-6720.-2376.6720.3780@192dpi" width="3278" height="646" />
    <size key="GridCell.Tab.0.left.0.0.3840.2160@192dpi" width="2572" height="558" />
    <size key="GridCell.Tab.0.center.0.0.3840.2160@192dpi" width="2572" height="558" />
    <size key="GridCell.Tab.0.right.0.0.3840.2160@192dpi" width="2572" height="558" />
    <size key="GridCell.Tab.0.bottom.0.0.3840.2160@192dpi" width="2572" height="558" />
    <size key="find.popup.0.0.3840.2160@192dpi" width="1336" height="1576" />
    <size key="GridCell.Tab.1.left.0.0.3840.2160@192dpi" width="2572" height="558" />
    <size key="GridCell.Tab.1.center.0.0.3840.2160@192dpi" width="2572" height="558" />
    <size key="GridCell.Tab.1.right.0.0.3840.2160@192dpi" width="2572" height="558" />
    <size key="GridCell.Tab.1.bottom.0.0.3840.2160@192dpi" width="2572" height="558" />
    <size key="GridCell.Tab.2.left.0.0.3024.1964@192dpi" width="1430" height="646" />
    <size key="GridCell.Tab.2.center.0.0.3024.1964@192dpi" width="1430" height="646" />
    <size key="GridCell.Tab.2.right.0.0.3024.1964@192dpi" width="1430" height="646" />
    <size key="GridCell.Tab.2.bottom.0.0.3024.1964@192dpi" width="1430" height="646" />
    <size key="GridCell.Tab.1.left.0.0.3600.2338@192dpi" width="1200" height="646" />
    <size key="GridCell.Tab.1.center.0.0.3600.2338@192dpi" width="1200" height="646" />
    <size key="GridCell.Tab.1.right.0.0.3600.2338@192dpi" width="1200" height="646" />
    <size key="GridCell.Tab.1.bottom.0.0.3600.2338@192dpi" width="1200" height="646" />
    <size key="GridCell.Tab.2.left.0.0.3600.2338@192dpi" width="1718" height="646" />
    <size key="GridCell.Tab.2.center.0.0.3600.2338@192dpi" width="1718" height="646" />
    <size key="GridCell.Tab.2.right.0.0.3600.2338@192dpi" width="1718" height="646" />
    <size key="GridCell.Tab.2.bottom.0.0.3600.2338@192dpi" width="1718" height="646" />
  </component>
  <component name="WindowManager">
    <frame x="-9632" y="-1148" width="6272" height="3016" extendedState="6" />
  </component>
  <component name="WindowStateApplicationService">
    <state width="855" height="313" key="ShowUsagesActions.dimensionServiceKey" timestamp="1729732342151">
      <screen x="0" y="44" width="1800" height="1125" />
    </state>
    <state width="563" height="133" key="ShowUsagesActions.dimensionServiceKey/0.25.1920.1055" timestamp="1729057488163" />
    <state width="551" height="193" key="ShowUsagesActions.dimensionServiceKey/0.32.1512.950" timestamp="1728515453884" />
    <state width="519" height="153" key="ShowUsagesActions.dimensionServiceKey/0.38.1512.944" timestamp="1728515881203" />
    <state width="707" height="353" key="ShowUsagesActions.dimensionServiceKey/0.38.1800.1131/-1920.727.1920.1055/-3360.-1163.3360.1865" timestamp="1729576734662" />
    <state width="855" height="313" key="ShowUsagesActions.dimensionServiceKey/0.44.1800.1125/-1920.727.1920.1055/-3360.-1163.3360.1865" timestamp="1729732342151" />
    <state width="656" height="373" key="ShowUsagesActions.dimensionServiceKey/0.44.1800.1125/-3360.25.3360.1865" timestamp="1728025943340" />
    <state width="300" height="378" key="Vcs.CompareWithSelectedRevision.Popup" timestamp="1729582139626">
      <screen x="0" y="44" width="1800" height="1125" />
    </state>
    <state width="300" height="378" key="Vcs.CompareWithSelectedRevision.Popup/0.44.1800.1125/-1920.727.1920.1055/-3360.-1163.3360.1865" timestamp="1729582139626" />
    <state width="300" height="378" key="Vcs.CompareWithSelectedRevision.Popup/0.44.1800.1125/-3360.25.3360.1865" timestamp="1728001319675" />
    <state x="756" y="461" width="800" height="650" key="WELCOME_SCREEN" timestamp="1728107357224">
      <screen x="0" y="38" width="1512" height="944" />
    </state>
    <state x="756" y="461" width="800" height="650" key="WELCOME_SCREEN/0.38.1512.944" timestamp="1728107357224" />
    <state x="-1085" y="-14" width="800" height="650" key="WELCOME_SCREEN/0.44.1800.1125/-1920.727.1920.1055/-3360.-1163.3360.1865" timestamp="1727404648774" />
    <state x="1085" y="613" width="800" height="650" key="WELCOME_SCREEN/0.44.1800.1125/-3360.-1163.3360.1865/-1920.727.1920.1055" timestamp="1727662122606" />
    <state x="-1680" y="755" width="800" height="650" key="WELCOME_SCREEN/0.44.1800.1125/-3360.25.3360.1865" timestamp="1727844857235" />
    <state x="-1680" y="755" width="800" height="650" key="WELCOME_SCREEN/0.44.1800.1125/1800.25.1920.1055/-3360.25.3360.1865" timestamp="1727242006663" />
    <state width="300" height="523" key="manage.recent.projects.popup" timestamp="1728623974848">
      <screen x="0" y="44" width="1800" height="1125" />
    </state>
    <state width="300" height="523" key="manage.recent.projects.popup/0.44.1800.1125/-1920.727.1920.1055/-3360.-1163.3360.1865" timestamp="1728623974848" />
  </component>
</application>