<keymap version="1" name="macOS 복사" parent="Mac OS X 10.5+">
  <action id="CamelCaseNameConvert">
    <keyboard-shortcut first-keystroke="shift meta u" />
    <keyboard-shortcut first-keystroke="shift ctrl u" />
  </action>
  <action id="RenameElement">
    <keyboard-shortcut first-keystroke="shift f6" />
    <keyboard-shortcut first-keystroke="shift meta 2" />
  </action>
  <action id="RenameFile">
    <keyboard-shortcut first-keystroke="shift meta 2" />
  </action>
  <action id="ReopenClosedTab">
    <keyboard-shortcut first-keystroke="shift meta w" />
  </action>
</keymap>